Artículo,Precio,Enlace
Pod Caliburn Explorer by Uwell,"28,90 €",https://www.sinhumo.net/vaper/20691-106062-pod-caliburn-explorer-by-uwell.html#/282-opciones-silver
Kit Centaurus M100 by Lost Vape,"59,90 €",https://www.sinhumo.net/vaper/20689-106007-kit-centaurus-m100-by-lost-vape.html#/18694-opciones-lunar_pink
Pod Thelema Elite by Lost Vape,"28,90 €",https://www.sinhumo.net/vaper/20686-105980-pod-thelema-elite-by-lost-vape.html#/20121-opciones-emerald_carbon
Pod Myfit By JustFog,"14,90 €",https://www.sinhumo.net/vaper/20693-106070-pod-myfit-by-justfog.html#/402-opciones-purple
Pod Digi-Q by Geekvape,"24,90 €",https://www.sinhumo.net/vaper/20690-106053-pod-digi-q-by-geekvape.html#/20168-opciones-future_silver
Pod eRoll Slim Kit by Joyetech,"34,90 €",https://www.sinhumo.net/vaper/20658-105832-pod-eroll-slim-by-joyetech.html#/333-opciones-red
Doric E By Voopoo,"24,90 €",https://www.sinhumo.net/vaper/20560-104399-doric-e-by-voopoo.html#/4376-opciones-classic_brown
Pod eRoll Slim Easy by Joyetech,"18,90 €",https://www.sinhumo.net/vaper/20659-105847-pod-eroll-slim-easy-by-joyetech.html#/255-opciones-black
Caliburn GK3 by Uwell,"24,90 €",https://www.sinhumo.net/vaper/20652-105540-pod-caliburn-gk3-by-uwell.html#/282-opciones-silver
Pod Eco Nano By Vaporesso,"12,90 €",https://www.sinhumo.net/vaper/20149-105662-pod-eco-nano-by-vaporesso.html#/19874-opciones-tropics_orange
Pod PureMax by SXmini,"31,90 €",https://www.sinhumo.net/vaper/20642-105836-pod-puremax-by-sxmini.html#/324-opciones-blue
Pod Novo Master Box Kit by Smok,"22,90 €",https://www.sinhumo.net/vaper/20655-105622-pod-novo-master-box-kit-by-smok.html#/16650-opciones-pale_pink
Pod Novo Master Kit by Smok,"20,90 €",https://www.sinhumo.net/vaper/20653-105570-pod-novo-master-kit-by-smok.html#/2481-opciones-black_carbon_fiber
Kit Luxe XR Max By Vaporesso,"39,90 €",https://www.sinhumo.net/vaper/19563-88990-kit-luxe-xr-max-by-vaporesso.html#/255-opciones-black
Pod Xlim SE 2 by Oxva,"19,90 €",https://www.sinhumo.net/vaper/20590-104712-pod-xlim-se-2-by-oxva.html#/10459-opciones-orange_blue
Wave Max 8000 Bud Vape Watermelon Ice 0mg,"16,90 €",https://www.sinhumo.net/vaper/20570-wave-max-8000-bud-vape-watermelon-ice-0mg.html
Mod Centaurus M100 by Lost Vape,"45,90 €",https://www.sinhumo.net/mods/20553-104132-mod-centaurus-m100-by-lost-vape.html#/2396-opciones-midnight_blue
Pod Drag S2 by Voopoo,"36,90 €",https://www.sinhumo.net/vaper/20454-101946-pod-drag-s2-by-voopoo.html#/17030-opciones-colorful_silver
Pod Xlim SQ Pro by Oxva,"25,90 €",https://www.sinhumo.net/vaper/20537-103376-pod-xlim-sq-pro-by-oxva.html#/18237-opciones-mauve_white
Pod Wenax Q Mini by Geek Vape,"16,90 €",https://www.sinhumo.net/vaper/20527-103249-pod-wenax-q-mini-by-geek-vape.html#/15737-opciones-gradient_purple
Pod Caliburn AZ3 Grace by Uwell,"17,90 €",https://www.sinhumo.net/vaper/20519-102971-pod-caliburn-az3-grace-by-uwell.html#/255-opciones-black
Wave 800 Bud Vape Strawberry Pomegranate 20mg,"8,50 €",https://www.sinhumo.net/vaper/20394-wave-800-bud-vape-strawberry-pomegranate-20mg.html
Wave 800 Bud Vape Banana Candy 20mg,"8,50 €",https://www.sinhumo.net/vaper/20375-wave-800-bud-vape-banana-candy-20mg.html
Wave 800 Bud Vape Apple Pear Ice 20mg,"8,50 €",https://www.sinhumo.net/vaper/20374-wave-800-bud-vape-apple-pear-ice-20mg.html
Wave 800 Bud Vape Cherimoya Forest Fruits Ice 20mg,"8,50 €",https://www.sinhumo.net/vaper/20376-wave-800-bud-vape-cherimoya-forest-fruits-ice-20mg.html
Wave 800 Bud Vape Gummy Bears 20mg,"8,50 €",https://www.sinhumo.net/vaper/20382-wave-800-bud-vape-gummy-bears-20mg.html
Wave 800 Bud Vape Kiwi Watermelon 20mg,"8,50 €",https://www.sinhumo.net/vaper/20383-wave-800-bud-vape-kiwi-watermelon-20mg.html
Wave 800 Bud Vape Blackjack Caramel 20mg,"8,50 €",https://www.sinhumo.net/vaper/20384-wave-800-bud-vape-blackjack-caramel-20mg.html
Wave 800 Bud Vape Caribbean Mix 20mg,"8,50 €",https://www.sinhumo.net/vaper/20385-wave-800-bud-vape-caribbean-mix-20mg.html
Wave 800 Bud Vape Strawberry Mint 20mg,"8,50 €",https://www.sinhumo.net/vaper/20386-wave-800-bud-vape-strawberry-mint-20mg.html
Wave 800 Bud Vape Triple Melon 20mg,"8,50 €",https://www.sinhumo.net/vaper/20387-wave-800-bud-vape-triple-melon-20mg.html
Wave 800 Bud Vape Guanabana Lime Ice 20mg,"8,50 €",https://www.sinhumo.net/vaper/20388-wave-800-bud-vape-guanabana-lime-ice-20mg.html
Wave 800 Bud Vape Kiwi Dragon Berry 20mg,"8,50 €",https://www.sinhumo.net/vaper/20389-wave-800-bud-vape-kiwi-dragon-berry-20mg.html
Wave 800 Bud Vape Kojak Caramel 20mg,"8,50 €",https://www.sinhumo.net/vaper/20390-wave-800-bud-vape-kojak-caramel-20mg.html
Wave 800 Bud Vape Piña Colada 20mg,"8,50 €",https://www.sinhumo.net/vaper/20392-wave-800-bud-vape-pina-colada-20mg.html
Wave 800 Bud Vape Raspblue Ice 20mg,"8,50 €",https://www.sinhumo.net/vaper/20393-wave-800-bud-vape-raspblue-ice-20mg.html
